{
  "results": [
    {
      "replicate_id": 1,
      "seed": 42,
      "best_epoch": 44,
      "best_val_r2": 0.9705458283424377,
      "best_val_mae": 4331.93359375,
      "best_val_mae_i": 1696.0711669921875,
      "best_val_mae_s": 5828.47216796875,
      "best_val_mae_r": 5492.3466796875,
      "training_time_minutes": 0.1535371422767639,
      "model_filename": "best_balanced_mlp_model_1.pt",
      "output_dir": "replicates_outputs"
    },
    {
      "replicate_id": 2,
      "seed": 123,
      "best_epoch": 48,
      "best_val_r2": 0.9741188287734985,
      "best_val_mae": 4087.267578125,
      "best_val_mae_i": 1616.733154296875,
      "best_val_mae_s": 5474.23583984375,
      "best_val_mae_r": 5185.38671875,
      "training_time_minutes": 0.13367411295572917,
      "model_filename": "best_balanced_mlp_model_2.pt",
      "output_dir": "replicates_outputs"
    }
  ],
  "statistics": {
    "best_val_r2": {
      "values": [
        0.9705458283424377,
        0.9741188287734985
      ],
      "n": 2,
      "mean": 0.9723323285579681,
      "std": 0.002526492833985543,
      "sem": 0.0017865002155303955,
      "ci_lower": 0.9496326910577588,
      "ci_upper": 0.9950319660581775,
      "min": 0.9705458283424377,
      "max": 0.9741188287734985,
      "median": 0.9723323285579681,
      "cv": 0.2598384070734844
    },
    "best_val_mae": {
      "values": [
        4331.93359375,
        4087.267578125
      ],
      "n": 2,
      "mean": 4209.6005859375,
      "std": 173.00499877433128,
      "sem": 122.33300781249999,
      "ci_lower": 2655.212342648328,
      "ci_upper": 5763.988829226671,
      "min": 4087.267578125,
      "max": 4331.93359375,
      "median": 4209.6005859375,
      "cv": 4.109772298879566
    },
    "best_val_mae_i": {
      "values": [
        1696.0711669921875,
        1616.733154296875
      ],
      "n": 2,
      "mean": 1656.4021606445312,
      "std": 56.100446782719864,
      "sem": 39.66900634765624,
      "ci_lower": 1152.3596443003867,
      "ci_upper": 2160.444676988676,
      "min": 1616.733154296875,
      "max": 1696.0711669921875,
      "median": 1656.4021606445312,
      "cv": 3.3868856317411664
    },
    "best_val_mae_s": {
      "values": [
        5828.47216796875,
        5474.23583984375
      ],
      "n": 2,
      "mean": 5651.35400390625,
      "std": 250.48290975981044,
      "sem": 177.1181640625,
      "ci_lower": 3400.8543487871557,
      "ci_upper": 7901.853659025344,
      "min": 5474.23583984375,
      "max": 5828.47216796875,
      "median": 5651.35400390625,
      "cv": 4.432263659057195
    },
    "best_val_mae_r": {
      "values": [
        5492.3466796875,
        5185.38671875
      ],
      "n": 2,
      "mean": 5338.86669921875,
      "std": 217.05346993166398,
      "sem": 153.47998046875,
      "ci_lower": 3388.718644439213,
      "ci_upper": 7289.014753998286,
      "min": 5185.38671875,
      "max": 5492.3466796875,
      "median": 5338.86669921875,
      "cv": 4.06553454431492
    },
    "training_time_minutes": {
      "values": [
        0.1535371422767639,
        0.13367411295572917
      ],
      "n": 2,
      "mean": 0.14360562761624654,
      "std": 0.014045282727810884,
      "sem": 0.009931514660517365,
      "ci_lower": 0.017413768996836,
      "ci_upper": 0.2697974862356571,
      "min": 0.13367411295572917,
      "max": 0.1535371422767639,
      "median": 0.14360562761624654,
      "cv": 9.780454262797916
    }
  },
  "config": {
    "n_params": 3,
    "n_fourier": 64,
    "sigma": 1.0,
    "fusion_hidden": 128,
    "latent_dim": 64,
    "decoder_hidden": 64,
    "dropout": 0.3,
    "n_knots": 5,
    "n_timepoints": 80,
    "total_population": 100000,
    "epochs": 50,
    "batch_size": 35,
    "lr": 6e-05,
    "weight_decay": 0.001,
    "patience": 35
  },
  "weight_mode": "modest"
}